<!--
    Input:
        odm_manifest_ds.xml
        vendor.qti.hardware.data.connection.xml
        vendor.qti.hardware.data.iwlan.xml
        vendor.qti.hardware.radio.am.manifest.xml
        vendor.qti.hardware.radio.qcrilhook.manifest.xml
        vendor.qti.hardware.radio.qtiradio.manifest.xml
        vendor.somc.hardware.radio.manifest.xml
-->
<manifest version="4.0" type="device" target-level="6">
    <hal format="hidl">
        <name>vendor.qti.hardware.data.connection</name>
        <transport>hwbinder</transport>
        <version>1.1</version>
        <interface>
            <name>IDataConnection</name>
            <instance>slot1</instance>
            <instance>slot2</instance>
        </interface>
        <fqname>@1.1::IDataConnection/slot1</fqname>
        <fqname>@1.1::IDataConnection/slot2</fqname>
    </hal>
    <hal format="hidl">
        <name>vendor.qti.hardware.data.iwlan</name>
        <transport>hwbinder</transport>
        <version>1.1</version>
        <interface>
            <name>IIWlan</name>
            <instance>slot1</instance>
            <instance>slot2</instance>
        </interface>
        <fqname>@1.1::IIWlan/slot1</fqname>
        <fqname>@1.1::IIWlan/slot2</fqname>
    </hal>
    <hal format="hidl">
        <name>vendor.qti.hardware.radio.am</name>
        <transport>hwbinder</transport>
        <version>1.0</version>
        <interface>
            <name>IQcRilAudio</name>
            <instance>slot1</instance>
            <instance>slot2</instance>
        </interface>
        <fqname>@1.0::IQcRilAudio/slot1</fqname>
        <fqname>@1.0::IQcRilAudio/slot2</fqname>
    </hal>
    <hal format="hidl">
        <name>vendor.qti.hardware.radio.qcrilhook</name>
        <transport>hwbinder</transport>
        <version>1.0</version>
        <interface>
            <name>IQtiOemHook</name>
            <instance>oemhook0</instance>
            <instance>oemhook1</instance>
        </interface>
        <fqname>@1.0::IQtiOemHook/oemhook0</fqname>
        <fqname>@1.0::IQtiOemHook/oemhook1</fqname>
    </hal>
    <hal format="hidl">
        <name>vendor.qti.hardware.radio.qtiradio</name>
        <transport>hwbinder</transport>
        <version>1.0</version>
        <interface>
            <name>IQtiRadio</name>
            <instance>slot1</instance>
            <instance>slot2</instance>
        </interface>
        <fqname>@1.0::IQtiRadio/slot1</fqname>
        <fqname>@1.0::IQtiRadio/slot2</fqname>
    </hal>
    <hal format="hidl">
        <name>vendor.qti.hardware.radio.qtiradio</name>
        <transport>hwbinder</transport>
        <version>2.6</version>
        <interface>
            <name>IQtiRadio</name>
            <instance>slot1</instance>
            <instance>slot2</instance>
        </interface>
        <fqname>@2.6::IQtiRadio/slot1</fqname>
        <fqname>@2.6::IQtiRadio/slot2</fqname>
    </hal>
    <hal format="hidl">
        <name>vendor.somc.hardware.radio</name>
        <transport>hwbinder</transport>
        <version>1.0</version>
        <interface>
            <name>ISomcHook</name>
            <instance>somchook</instance>
            <instance>somchook2</instance>
        </interface>
        <fqname>@1.0::ISomcHook/somchook</fqname>
        <fqname>@1.0::ISomcHook/somchook2</fqname>
    </hal>
</manifest>
